case_id,scenario,bill_type,patient_context,service_category,key_billing_concept,key_edge_case,expected_agent_focus,source_docs_to_reference
CODE-001,UB-04 facility bill received alongside CMS-1500 physician bill for same ER visit,UB-04 + CMS-1500,Commercially insured adult; first ER visit ever,Emergency Department,UB-04 vs CMS-1500 distinction,Patient receives two separate bills from two different entities for the same visit and thinks they are being billed twice,Explain that hospitals (UB-04) and physicians (CMS-1500) bill separately; verify both are for the same visit date; total them to show true patient responsibility,billing-faq.pdf; key-definitions-glossary.pdf; sample_bill_jpeg.jpg
CODE-002,Revenue code on UB-04 not recognized by patient,UB-04 itemized bill,Insured adult; first time receiving UB-04,Outpatient Surgery,Revenue code translation,Patient sees revenue code 0360 (Operating Room) and 0272 (Medical/Surgical Supplies) with no plain-language description; does not know what department charged them,Translate revenue codes to department names in plain language; explain that UB-04 uses department codes instead of service descriptions that most patients expect,cedars-sinai-chargemaster-july-2024.xlsx; key-definitions-glossary.pdf
CODE-003,Patient frightened by ICD-10 diagnosis code on EOB,EOB,Insured adult; received EOB with unfamiliar diagnosis code,Outpatient procedure,ICD-10 code patient communication,Patient sees K80.20 on their EOB and fears it means something serious; agent must explain billing-code context without providing a clinical interpretation,"Translate ICD-10 code to plain-language billing description (e.g., 'gallstones without current inflammation'); explain this is used for billing/insurance purposes; strongly recommend discussing clinical meaning with their physician — not the agent's role",key-definitions-glossary.pdf; billing-faq.pdf
CODE-004,HCPCS supply code on itemized bill — patient does not recognize the item,UB-04 itemized bill,Insured adult; inpatient stay,Inpatient / Pharmacy/Supply,HCPCS Level II supply code translation,Patient sees HCPCS code A6216 (gauze dressing) and J0696 (Ceftriaxone injection) with cryptic descriptions and asks what they were charged for,"Translate HCPCS supply/drug codes to plain descriptions (gauze dressing, antibiotic injection); explain these represent supplies and medications used during care; note quantity and unit charge",cedars-sinai-chargemaster-july-2024.xlsx; key-definitions-glossary.pdf
CODE-005,CPT code for procedure patient does not remember consenting to,CMS-1500,Insured adult; post-surgery,Outpatient Surgery,CPT code patient recognition,Patient sees CPT 64483 (paravertebral nerve block injection) on bill and says they were never told this would happen; agent must explain the code without validating or dismissing the patient's concern,Translate CPT code to plain procedure description; explain this is what the provider billed; recommend patient call billing/provider to confirm services performed match surgical consent documentation — do not take a position on whether it was appropriate,cedars-sinai-chargemaster-july-2024.xlsx; billing-faq.pdf
CODE-006,Unknown CPT code not in chargemaster or knowledge docs,UB-04,Insured adult; specialty procedure,Specialty / Rare Procedure,Agent knowledge boundary for unknown CPT,Line item contains CPT code 0505T (a newer temporary code for a rare procedure) that is not in the knowledge base; agent cannot verify what it represents,Explicitly state the code could not be verified in available references; avoid inventing a description; recommend patient ask billing department for a plain-language explanation and itemized bill; do not hallucinate,cedars-sinai-chargemaster-july-2024.xlsx; billing-faq.pdf
CODE-007,Missing CPT code — description only on line item,UB-04,Any patient profile,Outpatient procedure,Incomplete line item — code absent,A line item has a description ('LAPAROSCOPIC PROCEDURE') but the CPT code field is blank; agent cannot cross-reference a missing code,Explain based on description text alone; note that the missing code limits the agent's ability to verify the charge; recommend requesting an itemized bill with complete codes from billing; do not guess the CPT code,billing-faq.pdf; key-definitions-glossary.pdf
CODE-008,Modifier -25 makes patient think E&M visit is a duplicate charge,CMS-1500,Commercially insured adult; office visit + minor procedure same day,Physician — Office Visit + Procedure,CPT Modifier -25 (significant separate E&M),Bill shows 99213-25 (office visit) AND 11200 (skin tag removal) on the same date; patient thinks the office visit was billed twice,"Explain that modifier -25 means the visit was a distinct, significant evaluation separate from the procedure — not a duplicate; the patient is being charged for two separate services that happened on the same day, which is legitimate when properly documented",key-definitions-glossary.pdf; billing-faq.pdf
CODE-009,Modifier -50 bilateral procedure makes patient think they were charged twice,CMS-1500,Insured adult; bilateral knee procedure,Outpatient Surgery — Bilateral,CPT Modifier -50 (bilateral),CMS-1500 shows CPT 29881-50 with quantity 2 and double the unit charge; patient says 'I only had one surgery',"Explain that -50 means the procedure was performed on both sides (e.g., both knees); quantity 2 reflects bilateral billing, not a duplicate; total charge is approximately double a single-side procedure, which is expected",key-definitions-glossary.pdf; cedars-sinai-chargemaster-july-2024.xlsx
CODE-010,Modifier -59 flags make patient suspect unbundling or overcharging,CMS-1500,Insured adult; multi-step procedure,Outpatient Surgery,CPT Modifier -59 (distinct procedural service),"Bill shows multiple CPT codes with -59 modifiers (e.g., 27447-59, 27370-59); patient has read online that -59 modifiers can sometimes indicate improper unbundling","Explain that -59 indicates each code was a genuinely distinct service, not a bundled component — it is often correct; however, patient concern is valid to raise with billing; recommend requesting an itemized bill with documentation and asking provider to confirm each code was separately performed",key-definitions-glossary.pdf; billing-faq.pdf
CODE-011,Inpatient DRG bill has one large charge instead of itemized services,UB-04 Inpatient,Insured adult; 4-day inpatient admission,Inpatient — Medical/Surgical,DRG (Diagnosis Related Group) bundled inpatient billing,"Patient expected to see every IV bag, every nurse visit, every test itemized; sees one DRG line for $42,000 and does not understand the lump-sum billing","Explain that Medicare and many commercial plans pay hospitals a fixed DRG rate for the entire admission — this bundles all services into one payment; the $42,000 is what Medicare/insurance agreed to pay the hospital for this type of case, not a per-service tally; patient responsibility comes from deductible/coinsurance applied to the DRG rate, not each individual item",key-definitions-glossary.pdf; billing-faq.pdf; cedars-sinai-chargemaster-july-2024.xlsx
CODE-012,Medicare patient billed as outpatient observation after 3-night hospital stay,UB-04 Outpatient,Medicare patient age 68; 3-night stay; billed as observation (not admitted),Observation Status,Observation status vs inpatient admission — Medicare cost difference,"Patient was in the hospital for 3 nights but was never formally 'admitted' as inpatient; billed under Medicare Part B outpatient instead of Part A inpatient; patient owes 20% of all services with no cap, and the stay does not count toward the 3-day qualifying stay required for SNF coverage",Explain the critical observation vs inpatient distinction carefully: outpatient observation means Medicare Part A does not apply; patient owes 20% coinsurance on all Part B services with no out-of-pocket cap; this also affects any future skilled nursing facility (SNF) benefits; recommend asking provider if inpatient admission was appropriate and whether a review/appeal is possible,key-definitions-glossary.pdf; billing-faq.pdf; https://www.cms.gov/medicare/billing/outpatientservices/observationservices
CODE-013,ACA-covered preventive screening billed with diagnostic code — unexpected patient cost,CMS-1500 or EOB,Insured adult; annual colonoscopy,Preventive Screening,Preventive vs diagnostic coding — ACA cost-sharing rules,Patient scheduled a routine colonoscopy expecting $0 cost under ACA; physician removed a polyp during the procedure and added a diagnostic code; insurer reclassified the visit as diagnostic and applied deductible,"Explain that adding a diagnostic code or performing a therapeutic action (polyp removal) during a preventive screen can change the billing classification under many plans; ACA preventive protections apply to preventive-coded services — when a therapeutic service is added, cost-sharing rules may apply; recommend patient contact insurer to ask if appeal is possible and whether the coding is correct",key-definitions-glossary.pdf; billing-faq.pdf; https://www.cms.gov/nosurprises; https://www.cms.gov/cciio/programs-and-initiatives/health-insurance-market-reforms/preventive-services
CODE-014,Surgical bill with separately coded components that should be bundled,CMS-1500,Insured adult; knee replacement surgery,Outpatient Surgery,CCI (Correct Coding Initiative) bundling — unbundled charges,Bill shows CPT 27447 (total knee replacement) PLUS separately billed codes for wound closure (12031) and anesthesia check (99100) that are normally considered part of the surgical package,Flag that some charges may overlap with standard surgical bundling; explain that CMS Correct Coding Initiative (CCI) defines which codes must be bundled together; recommend patient ask billing to confirm all codes comply with CCI edits and are not unbundled components of the main procedure,cedars-sinai-chargemaster-july-2024.xlsx; billing-faq.pdf; https://www.cms.gov/medicare/coding-billing/national-correct-coding-initiative-ncci-edits
CODE-015,Office visit billed as hospital outpatient — different cost-sharing than patient expected,CMS-1500,Commercially insured adult; visit to hospital-owned physician group,Physician Office Visit,Place of Service (POS) code — facility vs non-facility billing,Patient visited a doctor's office physically but it is owned by the hospital; billed as POS 22 (hospital outpatient) instead of POS 11 (office); patient's plan has a higher facility copay ($60) vs office copay ($25) — patient got a $60 bill when they expected $25,"Explain that hospital-owned clinics may bill using hospital facility codes (POS 22), which typically trigger higher cost-sharing under many plans; recommend patient confirm with insurer if the billing location qualifies for the office vs facility tier, and whether an appeal/reclassification is possible",key-definitions-glossary.pdf; billing-faq.pdf
CODE-016,Medicare patient billed for service after signing ABN — did not understand what they were signing,CMS-1500 or UB-04,Medicare patient; signed ABN at point of care,Outpatient diagnostic test,Advance Beneficiary Notice (ABN) — waiver of Medicare liability,Patient signed an ABN before a bone density scan; Medicare denied the claim as not medically necessary; patient now owes full charge and says they did not understand the ABN meant they would be responsible if Medicare denied,"Explain what an ABN is: it is a formal notice that the provider believes Medicare may deny the claim and asks if the patient agrees to be responsible if denied; by signing, the patient accepted financial responsibility; recommend patient review the ABN they signed, verify the denial reason, and consult Medicare or a patient advocate about appeal options",key-definitions-glossary.pdf; billing-faq.pdf; https://www.cms.gov/medicare/billing/msp-required-contract-clauses/advance-beneficiary-notice-of-noncoverage
CODE-017,Patient has primary and secondary insurance but secondary was not billed — patient owes full balance,Hospital statement,Patient with PPO primary + Medicare secondary (MSSP),Inpatient stay,Coordination of Benefits (COB) — primary/secondary sequencing,"Primary PPO paid its share; secondary Medicare was not billed by the provider; patient is left with a $3,200 balance that Medicare may have covered","Explain coordination of benefits: secondary insurance should be billed after primary adjudication; the provider should submit to Medicare after receiving the primary EOB; recommend patient call billing to confirm secondary insurance was billed, and provide the Medicare ID number if not already on file",key-definitions-glossary.pdf; billing-faq.pdf
CODE-018,Patient billed for complication classified as a hospital-acquired condition (HAC) / never event,UB-04,Insured adult; post-surgery infection,Inpatient,Hospital-Acquired Condition (HAC) / Never Event — non-billable complication,Patient develops a surgical site infection post-op; hospital bills for additional treatment days; Medicare and many commercial plans prohibit additional payment for preventable hospital-acquired conditions,"Explain that Medicare and many insurers do not pay for certain hospital-acquired conditions (infections, falls, wrong-site surgery) classified as preventable; if the additional charges are related to a HAC, the patient may not owe them; recommend patient ask billing to confirm whether the additional charges are tied to a HAC designation, and whether they comply with CMS non-payment policy",billing-faq.pdf; key-definitions-glossary.pdf; https://www.cms.gov/medicare/payment/hospital-value-based-purchasing/hospital-acquired-conditions-hac-reduction-program
CODE-019,Patient in skilled nursing facility receives separate bill from outside lab they thought was covered,CMS-1500 from reference lab,Medicare patient in SNF post-hospitalization,Skilled Nursing Facility (SNF),SNF consolidated billing — outside services included in SNF rate,"Patient is in SNF under Medicare Part A; receives a separate bill from a reference lab for blood tests; under consolidated billing, Part A SNF rate must cover most services including labs — the SNF should be paying the lab, not billing the patient","Explain that during a Medicare Part A SNF stay, the SNF receives a consolidated per-diem payment that covers most services including labs and radiology; the outside lab should be billing the SNF, not the patient; recommend patient contact the SNF billing department to have the lab bill redirected, and confirm the Part A stay is still active",key-definitions-glossary.pdf; billing-faq.pdf; https://www.cms.gov/medicare/medicare-fee-for-service-payment/snfpps/consolidated-billing
CODE-020,"Patient sees Cedars chargemaster online, compares to their bill, and thinks they were overcharged",Hospital statement,Commercially insured adult,Outpatient procedure,Chargemaster vs negotiated rate vs patient responsibility,"Patient looked up the procedure on the Cedars website price transparency tool and saw a list price of $8,500; their bill shows $12,000 for the same CPT code and they believe they were overcharged","Explain that chargemaster prices are list prices before any insurance contract adjustments; the $12,000 gross charge on the bill should be reduced by the contractual adjustment before the patient owes anything; the final patient responsibility (not the gross charge) is the relevant number; if the contractual adjustment was applied correctly, the patient's net balance should reflect the negotiated rate; recommend comparing the EOB to the patient statement to verify the adjustment was applied",cedars-sinai-chargemaster-july-2024.xlsx; key-definitions-glossary.pdf; amounts-generally-billed.pdf; billing-faq.pdf
